customer_id,txn_count,avg_transaction,grocery_spend,fuel_spend,shopping_spend
1,148,245,2687,3515,2830
2,253,3656,8968,60,12082
3,71,3977,6796,2591,9258
4,55,4767,6621,1200,13101
5,116,1286,7472,136,1529
6,128,2644,7706,661,2972
7,137,2358,586,2512,6719
8,233,2554,2200,3670,3200
9,179,3679,2147,3318,4187
10,104,4595,9176,645,11781
11,113,4807,4884,720,5233
12,254,548,7617,4729,2173
13,134,3029,7678,2253,2794
14,66,196,3953,4507,6283
15,91,2460,6128,136,3860
16,38,2292,6818,448,2448
17,160,1970,4688,4015,738
18,224,2657,6052,4340,5427
19,147,4216,5888,1348,13092
20,26,866,9512,192,2276
21,81,4674,6814,250,2288
22,226,3750,9859,3893,7311
23,92,2729,4404,504,10313
24,137,3866,1217,3484,4934
25,166,4058,5494,4234,4264
26,49,2154,9947,2482,9075
27,67,243,4219,2581,3065
28,223,2848,6828,2339,3906
29,239,2922,5280,4177,6976
30,64,2432,1031,4316,1134
31,253,3854,502,205,6451
32,59,2671,6126,2890,11885
33,126,3356,1397,1085,9971
34,68,720,7791,1505,6960
35,226,2005,5755,249,6957
36,228,3476,5830,43,4112
37,78,4728,3663,1288,3442
38,239,1975,3472,3513,11140
39,234,1040,2312,4953,9495
40,264,1543,4145,2891,10397
41,288,103,3075,3591,1115
42,78,1004,2129,2781,7359
43,157,2397,3778,2640,4301
44,21,3299,7039,370,1357
45,298,4803,7985,383,14897
46,258,4340,3225,4034,11985
47,80,4301,1422,2915,11642
48,297,3096,9666,1230,11127
49,298,2984,5433,1363,4440
50,223,210,9460,3748,7218
51,41,1143,5000,607,6210
52,24,2925,3691,1837,1189
53,195,2999,2603,365,14510
54,251,4600,4672,4325,6533
55,277,2428,1705,4988,12531
56,57,2785,8990,956,9806
57,80,2555,1974,4460,7502
58,182,4496,6896,2828,14692
59,206,3014,5094,949,14782
60,105,215,1419,113,4004
61,202,3889,1758,3426,9206
62,227,4854,567,1596,6160
63,38,2780,4021,572,7582
64,172,2308,6539,650,6241
65,202,2637,8376,3262,1838
66,70,2877,5732,2217,4039
67,185,1087,4883,3978,3461
68,174,1148,9631,3716,3914
69,78,2954,3005,917,10566
70,83,1728,1115,4501,10441
71,261,4238,5249,3505,12167
72,131,4050,9066,206,5375
73,137,4677,7889,2690,7823
74,203,139,5713,4108,3520
75,249,3925,8105,1610,8635
76,169,4441,7629,4735,2887
77,135,991,6366,2566,1475
78,64,1004,1762,943,10894
79,200,3377,6130,4274,2759
80,253,514,3794,1230,11346
81,241,3906,3635,924,6534
82,30,1144,2911,2617,14613
83,270,2373,4645,2775,13693
84,71,4928,7128,3155,4470
85,145,2090,9275,4331,10795
86,129,241,9595,861,7211
87,79,699,4634,3611,8087
88,144,1086,4631,2148,12557
89,105,3637,5957,4261,2930
90,297,3763,8042,4106,2511
91,115,2550,1789,1447,3699
92,257,1993,8022,3183,14639
93,164,3186,3818,2782,9682
94,125,275,1276,2837,5708
95,195,579,5567,2153,9986
96,186,2946,3603,2440,4635
97,167,3852,7624,844,14531
98,220,496,4415,3109,1734
99,268,276,4643,2959,6058
100,215,236,3035,1932,11616
101,248,1931,769,1630,4905
102,151,1624,2195,3258,3762
103,139,269,552,1757,6070
104,150,2835,1219,405,7355
105,266,121,9921,1567,12374
106,275,748,7743,826,6418
107,274,3958,8369,307,3916
108,146,2384,5320,2809,14407
109,32,2736,3485,275,3047
110,224,386,3479,4576,4468
111,292,3179,5947,4204,7946
112,193,377,814,3545,1634
113,206,4926,8602,1520,8847
114,208,3393,1386,3073,11497
115,229,962,3857,870,12800
116,115,547,2256,1117,12101
117,288,1697,7492,2983,14278
118,135,192,3261,3435,7122
119,72,2481,7569,4512,2348
120,156,1767,3572,1067,3286
121,117,3841,9980,3871,2306
122,159,1554,3808,2951,8763
123,174,1394,3803,3113,9574
124,158,2712,8350,1504,11155
125,240,1798,4424,423,12170
126,75,4535,8600,492,691
127,219,1306,4822,2186,7499
128,168,1523,9778,4199,2374
129,175,2092,8964,1029,11910
130,203,4119,1551,4033,10265
131,138,4438,8038,3797,11981
132,196,3797,2605,307,8237
133,124,1301,5866,2747,2017
134,102,1428,6369,4891,5492
135,229,2913,7103,4567,7013
136,156,4512,683,3358,7115
137,161,2846,9228,1273,11659
138,137,3099,1596,1305,9607
139,29,4297,9720,1977,3854
140,132,320,1686,4555,12892
141,200,2448,7495,4235,14282
142,151,4232,2730,128,9961
143,108,1651,5265,3970,8045
144,168,4997,6052,627,12489
145,272,3264,8685,249,3425
146,44,1033,9580,2937,10809
147,132,1376,9162,1987,590
148,37,4806,4559,4834,3273
149,170,241,7909,2185,4940
150,199,1058,4283,4298,5168
151,211,2102,6509,3308,2216
152,56,4588,1760,4965,4432
153,216,634,8116,359,14511
154,49,2061,6751,4939,4506
155,109,2814,1390,731,4461
156,113,2554,9306,3806,6600
157,203,4819,7186,1587,7500
158,95,946,6058,277,5147
159,120,2208,2932,3904,13548
160,210,1499,5000,1232,4617
161,185,2708,2528,3758,6404
162,36,2087,9348,165,13636
163,97,4574,3321,4258,7009
164,33,1312,571,3516,13442
165,288,1826,2962,1268,1515
166,182,1133,8484,406,7884
167,45,3126,1485,3603,4985
168,217,2668,6789,1411,7428
169,268,4671,8066,4114,5170
170,258,1053,8004,2466,10630
171,119,1748,8595,4527,10783
172,164,3448,1573,2402,5395
173,183,3262,9843,2445,2456
174,258,3957,1307,186,14531
175,239,4574,9999,2284,5813
176,278,807,5387,3854,12958
177,178,3608,1461,3847,7226
178,122,1051,5744,3384,7619
179,249,707,5816,2780,922
180,79,3731,4766,2710,9144
181,141,2591,7263,3075,3664
182,25,337,6237,3217,12546
183,115,4602,2264,1225,9927
184,25,2721,7019,3962,13234
185,125,3772,5406,1475,11588
186,233,2551,8201,1216,4551
187,169,2856,9470,972,11502
188,22,2173,9290,3341,724
189,37,890,2314,4809,1606
190,144,3296,3431,4125,3471
191,256,2465,3596,1609,1217
192,113,4520,7282,1960,1548
193,135,2145,8405,1801,10838
194,30,1670,7048,4780,11642
195,228,2991,6195,4905,9669
196,73,3116,5950,783,8932
197,262,1603,1512,186,2381
198,163,4636,9122,238,6947
199,95,1406,6377,4922,8590
200,98,1952,5170,4987,2559
201,160,1839,516,4348,964
202,27,139,5315,2851,3343
203,137,1934,9617,3734,7043
204,289,1019,1594,3195,1904
205,214,4032,6055,4556,5213
206,40,4209,6808,2074,7978
207,167,4983,5426,1187,4469
208,243,833,7608,949,4439
209,49,94,2310,4566,10773
210,160,3548,9521,1909,6864
211,41,741,1431,4936,8410
212,57,3456,8839,1032,1811
213,69,1923,9607,1878,7281
214,94,3798,777,1977,2359
215,96,4763,5175,1170,9181
216,178,4529,5808,2462,14150
217,114,337,6453,4282,2407
218,157,179,6837,2363,8651
219,292,193,8707,244,1426
220,126,2226,5502,886,9032
221,23,3448,8997,907,3154
222,228,4092,1871,320,5154
223,200,1181,7053,4042,12059
224,190,61,694,2537,3342
225,201,3059,8484,4751,14709
226,201,2127,8345,3867,13907
227,285,493,797,4903,6356
228,61,2400,1769,1260,8201
229,204,4613,7397,2410,14094
230,60,4481,6093,3672,6655
231,92,4733,2381,4296,9213
232,245,4933,7706,4155,5173
233,143,3529,1909,1694,13356
234,97,576,2672,4966,779
235,129,2943,8325,1751,4481
236,181,2411,4927,4131,10400
237,41,2736,5035,2776,9811
238,183,4293,8197,194,1162
239,142,1473,5560,2708,11867
240,262,3864,2514,3789,13497
241,106,3263,2864,3629,6419
242,34,3522,9372,4651,1109
243,280,2206,4366,371,7498
244,123,2303,5442,4138,1364
245,264,834,5071,4178,5729
246,209,4104,1435,3980,6894
247,231,2388,825,1534,12172
248,114,3911,2485,4932,5103
249,238,1320,9332,4703,8254
250,73,1417,4542,2575,7254
251,39,1631,2486,2240,4466
252,77,178,6468,4801,12688
253,27,2126,5731,2994,4244
254,150,2806,6094,1644,13063
255,92,292,4585,170,9344
256,207,3562,1999,2099,2658
257,62,2308,4539,2035,11963
258,259,1099,798,923,4732
259,39,4356,3299,4875,5826
260,286,2763,3157,4522,3846
261,249,1293,6196,4423,1966
262,71,4007,2466,375,762
263,286,3438,8333,1893,14689
264,159,3684,2152,4141,4392
265,107,4865,2412,1292,9292
266,137,3687,9790,365,14445
267,30,3469,7882,2476,9482
268,47,796,9004,4633,1420
269,73,2879,2881,3618,9489
270,292,3060,2273,2547,3664
271,192,4767,1446,2665,1006
272,66,293,9197,4517,11850
273,236,3640,1692,4425,13437
274,249,4965,9364,2560,6367
275,207,979,2039,912,1143
276,237,1333,8180,2118,7845
277,208,4436,1419,4050,2839
278,263,1919,5775,507,1936
279,35,3476,9250,3102,5016
280,36,3672,4899,4057,8611
281,58,3765,8337,1301,7870
282,85,2205,6911,692,13042
283,272,306,941,1881,3146
284,109,3870,7033,4677,7711
285,219,3785,3145,18,9816
286,114,2130,6589,1547,8297
287,174,3544,1404,1269,904
288,266,1614,1684,746,2225
289,136,320,6311,3956,671
290,293,2356,9850,1706,10463
291,205,4725,9582,4817,11959
292,117,1523,3743,4478,2681
293,44,3306,6382,4239,6482
294,186,1485,8915,219,12966
295,138,4578,8956,953,5024
296,169,2824,6173,3124,9171
297,270,3928,9581,3854,8634
298,142,1952,6006,4873,2895
299,48,84,6015,2670,3865
300,96,3268,3638,903,7163
301,141,389,4770,1714,13384
302,64,3137,5952,3266,4067
303,28,3949,6977,1016,6970
304,34,888,4821,3496,2313
305,132,1501,2813,1514,1731
306,129,3049,3940,4056,805
307,31,3586,2189,1517,14179
308,298,4279,6149,3261,9856
309,62,1919,2319,2705,12207
310,111,2276,1579,4206,6780
311,251,4613,7735,813,14060
312,25,3553,3153,2476,3840
313,216,4293,1641,849,9058
314,85,4091,2538,2860,4770
315,95,544,7616,3182,2284
316,222,4180,9690,4469,10143
317,235,2330,5158,2934,7369
318,170,3396,6719,4534,12495
319,206,1362,3462,2938,13479
320,272,3247,5796,126,6102
321,187,2689,1866,1019,6953
322,169,4129,5039,684,12321
323,255,1512,4586,2261,4680
324,251,4230,6540,3560,10804
325,153,4808,1126,4159,12106
326,177,540,4229,3534,3796
327,122,1932,5408,2987,6085
328,107,4825,5030,681,5754
329,69,2437,3193,1370,13436
330,264,2206,8466,2580,7757
331,131,3298,7272,1627,12164
332,47,2035,8988,2181,12094
333,268,2647,1401,1098,2177
334,187,4916,6122,1378,1748
335,171,4291,6579,1264,10599
336,256,1108,2548,4248,2976
337,145,4636,4053,4440,14723
338,245,270,5318,4623,7849
339,148,4036,5076,2977,2371
340,255,1512,6021,344,8736
341,153,2118,6253,1514,3098
342,29,2090,7399,273,5551
343,107,1829,4976,478,14850
344,23,4336,1691,2668,13948
345,173,1461,771,142,8278
346,88,3382,1287,1681,1122
347,277,3726,3072,3260,5714
348,124,116,8033,4616,13777
349,136,2364,6230,2532,12272
350,183,4521,3839,548,13885
351,92,248,1071,790,10330
352,170,3790,678,2244,4586
353,242,848,8101,787,3295
354,202,4354,5088,3084,14445
355,239,1179,2105,3778,11437
356,118,4739,3433,1215,9016
357,233,1900,7599,1490,1393
358,163,4529,2763,3432,2871
359,34,4362,2015,2917,6231
360,26,2402,1667,110,5609
361,251,3705,4293,1755,7238
362,61,1346,2720,972,1530
363,174,2643,7191,3992,13305
364,234,2231,3697,1462,14660
365,193,2428,7537,3553,9999
366,94,1239,5808,687,14856
367,73,1257,2394,4922,14139
368,198,1861,3683,3797,5678
369,128,4018,3216,190,14011
370,215,3156,878,4482,4329
371,256,665,2830,1754,963
372,249,1016,4767,3158,4124
373,142,4988,5917,689,11314
374,184,432,2756,3810,12195
375,67,421,6306,610,8807
376,289,496,1891,3324,1840
377,114,2989,6469,1073,5313
378,98,1655,6914,4657,7447
379,266,3712,4982,4797,5568
380,208,2001,9971,1907,13540
381,288,1074,9237,4174,14047
382,117,1155,2490,3998,4275
383,272,970,5145,2061,4987
384,228,3689,4935,2644,13544
385,41,3606,8451,2681,3699
386,132,988,7940,4943,9133
387,149,646,6554,1505,9553
388,100,3781,2051,3236,14299
389,220,1499,6453,264,8542
390,119,2771,3425,1632,11066
391,116,562,715,3331,10864
392,101,1756,2067,2208,11023
393,125,1178,4010,4323,8367
394,89,2415,6083,4897,6218
395,75,3561,3241,3020,6756
396,248,220,794,4284,9117
397,98,968,998,2809,5461
398,215,1908,2618,145,14429
399,282,4615,692,3888,8743
400,28,1917,7965,2738,11961
401,147,2629,6603,4005,13627
402,84,290,3940,4631,10099
403,102,3818,9642,610,13361
404,41,4604,2673,3484,10214
405,61,2707,6580,2159,11141
406,266,171,4868,1317,4993
407,226,1183,8107,1301,12726
408,75,1960,8582,1505,8470
409,133,1966,7496,3548,3257
410,198,946,6862,1551,9183
411,80,1127,7181,2895,12852
412,119,635,6323,3960,12462
413,42,3512,4511,3398,2655
414,181,1054,5825,326,5203
415,166,51,9725,2481,8816
416,100,2749,2361,2920,8820
417,258,2598,3629,1221,8581
418,64,3218,5898,4486,4418
419,63,76,7437,547,11360
420,74,753,5838,4280,3640
421,149,1640,8276,4943,13386
422,138,3841,1857,3225,12310
423,98,2510,9237,2728,12426
424,90,2612,7981,2079,6930
425,101,3164,1116,3644,6913
426,199,1809,3065,3174,3581
427,90,3211,4821,669,14551
428,145,3218,4578,4151,9411
429,60,3648,1166,283,6340
430,206,4643,1965,129,5234
431,133,2110,4172,2494,13773
432,222,2171,2723,4522,3688
433,185,4186,843,4461,5204
434,164,4873,5420,3201,5971
435,156,2933,4712,2415,9809
436,187,3051,2238,1364,3208
437,202,974,651,585,8544
438,293,545,2648,556,13893
439,36,2170,3585,3504,656
440,242,4704,6750,3276,7746
441,174,1046,5126,2905,14759
442,45,4874,9869,153,8353
443,111,1766,1286,4368,14815
444,95,4322,4267,2878,9334
445,68,4712,9357,3426,4283
446,137,1119,2849,4503,1712
447,148,2561,643,2489,7867
448,176,4632,6531,4243,14147
449,90,3354,3213,4185,10049
450,218,4683,3692,300,1223
451,82,3060,6055,67,12528
452,21,447,6180,1163,5325
453,63,3711,3441,2657,11487
454,168,2009,2101,2793,1980
455,106,1152,3776,1299,6318
456,65,3929,7989,1535,8769
457,291,3460,3221,3627,2032
458,257,2046,5811,3427,777
459,37,573,4775,4218,5865
460,241,3172,8667,4575,8227
461,38,1847,2631,815,11386
462,88,192,1910,4473,1034
463,200,3414,1532,3342,10102
464,112,4550,1672,888,12030
465,125,521,3440,546,5226
466,33,2875,4223,363,10858
467,257,595,3740,4729,2436
468,164,1012,1382,3840,7423
469,23,3035,9557,4309,7788
470,151,2947,2744,18,1141
471,31,379,1365,773,13179
472,144,2404,4018,2942,7295
473,21,2617,2174,2683,12072
474,247,1595,9827,873,5055
475,272,801,7624,853,4232
476,255,1379,9169,2726,11783
477,235,4280,5913,1269,8368
478,63,4231,3103,1469,9069
479,164,291,9611,69,4424
480,76,2136,2507,800,13829
481,239,4970,1255,1995,6435
482,93,159,1516,3865,8716
483,298,787,6700,179,731
484,83,504,6901,4625,7572
485,248,645,4374,4530,13669
486,265,4547,8433,2135,7227
487,49,358,9034,435,8868
488,158,243,3757,3235,13972
489,32,3929,6220,3113,11654
490,229,4886,5457,953,9994
491,270,3431,6339,2880,10879
492,299,595,2427,4152,14947
493,24,3531,6033,3253,10054
494,278,2713,9965,3326,4159
495,127,4813,7237,2636,11721
496,277,4427,3659,253,5807
497,51,2880,3544,1420,6136
498,188,704,5981,759,7282
499,282,3021,8946,3823,2376
500,217,2674,6654,4121,11696
501,170,1294,6472,1008,4814
502,170,2732,7811,989,12976
503,274,4213,5211,4969,8575
504,109,4502,8947,1007,6996
505,239,2621,4408,2997,3303
506,201,4429,598,196,11221
507,245,1918,3165,1388,2915
508,77,2687,7742,1065,9113
509,200,594,1723,3172,9459
510,93,704,7321,2446,6392
511,240,3716,4777,4402,3069
512,23,4035,8667,4899,7948
513,234,3069,4181,1443,4696
514,28,622,5253,4002,6129
515,82,4136,8917,4200,2497
516,279,4574,9125,3099,11421
517,95,3190,9557,2793,7834
518,237,2465,750,4951,8598
519,193,4706,6065,918,1673
520,151,482,1335,2246,2762
521,68,4617,4315,246,2929
522,258,976,5787,2607,9766
523,117,4072,5284,3151,12130
524,46,4623,3991,706,7497
525,133,3114,9445,587,1834
526,215,3984,7711,3926,3817
527,103,4352,7311,164,7560
528,164,3107,4928,402,9105
529,64,4207,1367,18,864
530,26,3882,7071,579,8174
531,53,4200,3539,4137,14108
532,250,502,7037,1381,8654
533,147,2788,8072,1216,7247
534,250,3199,8776,4144,1668
535,88,3179,4145,2526,11559
536,185,2244,4055,445,6864
537,62,4066,4375,3337,6738
538,281,1898,5492,4025,10958
539,40,141,4722,4175,14635
540,257,1032,3943,2533,1193
541,44,205,2312,4114,1907
542,212,1460,3997,4372,7894
543,252,601,9868,4734,4832
544,74,2781,4552,372,6116
545,106,2298,1348,2556,14133
546,294,553,8570,3189,9394
547,61,364,2876,1040,4878
548,277,624,6085,757,3310
549,100,4574,3959,3992,8337
550,223,2825,2492,2243,8998
551,171,4159,2360,1961,5676
552,230,829,9220,4893,843
553,222,3732,5898,208,5236
554,271,3386,1419,2044,918
555,233,2892,7878,1099,3892
556,232,2530,7284,1545,1570
557,115,4248,3439,1903,7694
558,239,728,1488,2475,10299
559,273,1475,7154,2440,10734
560,220,1328,3094,4689,2936
561,239,2255,9719,3539,13747
562,223,2291,6878,2765,9865
563,178,3400,5411,403,13680
564,185,3432,4663,87,14836
565,154,4323,7023,4681,7106
566,127,2114,5815,2374,817
567,271,2092,5098,2022,618
568,181,759,4057,4140,13101
569,198,467,3103,3854,1601
570,197,3478,8677,2261,8521
571,93,3684,1008,2379,11856
572,195,4802,9984,3905,11767
573,157,374,4057,3587,651
574,278,2421,7660,4964,9883
575,195,359,3627,4568,12059
576,160,4812,6404,1767,5860
577,277,3882,8757,4915,14159
578,190,4140,3081,1390,9822
579,246,3565,2943,727,14392
580,103,3736,1536,1832,14636
581,200,542,7935,1548,9835
582,76,4007,3907,639,672
583,54,4404,4459,516,9214
584,136,1979,4445,2209,8246
585,219,2640,8254,4934,4576
586,85,1143,4380,2494,7059
587,39,2538,3285,2758,2074
588,164,2423,8560,3990,5710
589,257,1143,1689,2689,4595
590,233,1925,8268,3406,10479
591,91,3798,8740,3861,14437
592,258,2230,3333,1397,14616
593,262,4624,9523,2697,14402
594,189,2785,8773,86,6868
595,35,871,8025,162,8277
596,175,2447,2432,2728,4035
597,111,2840,3207,3933,3885
598,147,1632,1064,3258,11289
599,245,3686,6530,223,6797
600,67,400,7814,1928,8243
601,201,4782,1517,2226,7706
602,279,4174,2919,1893,14253
603,222,3090,8218,1125,3617
604,85,4092,4933,2170,14516
605,118,3412,3983,2944,13068
606,62,645,2486,2750,1574
607,229,4271,3507,969,9272
608,284,4051,1711,229,4784
609,29,3235,1001,2132,548
610,196,436,1469,3460,9697
611,237,3102,7897,2302,2783
612,45,1657,4866,122,7299
613,276,3777,8950,947,14882
614,32,937,8899,3382,11486
615,168,487,4249,3161,14509
616,193,4601,3323,4724,11962
617,40,249,2482,1471,13035
618,295,2361,7725,3373,10770
619,268,654,8675,3848,12034
620,113,1467,5097,3875,8032
621,56,888,4315,847,5209
622,185,4304,4968,2272,5692
623,268,2608,5198,4311,10688
624,109,1614,2340,3291,11579
625,234,1294,7197,3718,9757
626,183,332,1581,3885,3381
627,44,3020,9844,3497,1447
628,172,1767,566,636,9005
629,72,1651,9517,3670,9717
630,223,4807,1304,2451,5131
631,231,4082,7406,4723,13536
632,124,4191,7466,1354,5835
633,43,2608,6077,3618,2059
634,47,1557,2563,3642,2500
635,262,1344,4565,2752,8514
636,237,4260,2103,1322,6456
637,94,1555,9818,296,11741
638,197,4404,4287,2096,12301
639,180,225,7669,2502,12691
640,151,4421,9367,1823,5647
641,20,3309,6699,546,5731
642,55,2090,5034,1752,10307
643,102,1650,4902,3605,4299
644,126,1182,5991,2115,11031
645,199,4326,8133,1487,8348
646,41,2163,1544,2431,8479
647,122,1632,1808,4917,9293
648,104,4930,8003,4766,5862
649,92,150,7157,4271,737
650,78,4075,6573,2542,10695
651,21,804,7896,3665,8323
652,159,590,6010,269,8426
653,31,3510,9197,1129,10771
654,93,3292,9053,3720,10148
655,119,1731,9744,2509,5516
656,162,4777,1181,3932,10821
657,261,4066,7839,3302,1219
658,94,1343,4657,4969,9011
659,121,1502,7213,4207,11724
660,215,936,4436,1115,1575
661,27,4957,7765,1924,14392
662,64,2331,9747,4674,1041
663,133,2301,9744,4569,3244
664,272,3919,6541,4481,12849
665,22,4575,5175,1560,12454
666,160,2772,970,1416,14453
667,265,858,8863,4126,12834
668,149,2449,5573,1645,14392
669,77,1179,1853,767,4395
670,190,3504,7829,3142,2290
671,74,3956,4992,1538,2573
672,145,860,7341,2857,11455
673,30,1944,7629,2705,9288
674,119,665,1447,4651,13065
675,200,2063,4197,490,4850
676,49,1337,5420,2926,10044
677,134,4426,9990,4868,7486
678,226,4017,4923,2258,7370
679,59,2123,6670,701,10611
680,189,2510,8367,4264,8468
681,248,416,9219,4886,12410
682,45,3985,5119,2153,7375
683,196,4278,3522,3483,11412
684,126,1820,9489,3215,12480
685,58,3026,4237,1711,1252
686,153,2655,1177,105,11979
687,165,1996,6044,1095,13775
688,292,1832,5041,3257,6713
689,169,4919,2061,4006,10367
690,118,4031,9993,943,5050
691,123,995,1100,2700,13512
692,252,1467,2024,3766,750
693,28,128,3623,897,7564
694,288,275,1709,4898,13529
695,150,2729,8110,2885,11498
696,211,2594,6022,2370,3781
697,122,378,6079,4228,13622
698,158,170,7249,964,4724
699,110,3725,6194,2076,7365
700,31,382,5749,1316,1696
701,227,3220,855,4234,10218
702,193,78,1513,2702,9519
703,61,2074,8990,1865,12708
704,211,2161,1254,769,4235
705,234,4979,2406,1564,9910
706,275,1510,8169,3985,1916
707,106,4906,1928,4378,8029
708,217,3112,3571,555,9047
709,47,3550,1540,2686,13166
710,187,2603,2279,4994,575
711,250,3369,2849,2773,2762
712,177,2166,892,1108,4862
713,88,660,5557,2775,4498
714,180,3727,6296,30,8190
715,149,4121,9308,4634,3286
716,21,920,4696,3604,10104
717,199,990,840,2908,13831
718,274,4183,1159,2033,10252
719,140,3025,9741,453,10396
720,244,868,5368,12,12671
721,67,970,5420,2418,10006
722,113,2067,8457,1228,5292
723,194,2484,3368,2515,1938
724,88,3593,2281,2263,10661
725,231,557,6659,331,7360
726,58,991,1227,4975,11554
727,191,698,5595,2737,14400
728,207,1059,2050,803,12772
729,233,4314,3901,4241,14586
730,23,3211,4655,527,11990
731,48,3784,9124,1176,8456
732,298,2154,2733,2445,5200
733,295,2563,8330,1773,7444
734,250,1146,9620,1951,10665
735,36,1604,9686,612,11285
736,103,891,4939,858,6019
737,237,494,4817,3454,12644
738,99,1080,9987,2063,1947
739,31,2900,8606,2275,7651
740,292,1361,7452,4055,5902
741,172,1139,2172,3675,5032
742,278,2053,6585,4198,13780
743,74,4914,9816,1221,3360
744,245,3040,8928,1144,3753
745,218,816,3181,2665,10451
746,292,3541,4013,495,13835
747,128,3980,2572,337,4449
748,56,1867,8828,2555,6870
749,201,3588,5521,2100,3407
750,254,2032,4370,4528,12259
751,119,4744,7046,395,12290
752,120,2774,3010,4636,2149
753,126,3485,3701,4179,13058
754,263,4533,8905,3237,4362
755,78,2980,5438,2971,10219
756,213,172,9854,3300,3845
757,69,4031,6761,1737,9596
758,210,2973,9626,74,794
759,40,3292,9730,4655,1609
760,168,3821,9063,4913,1674
761,160,1142,9975,2011,9537
762,28,4516,6038,4196,13448
763,165,292,3300,4607,11588
764,62,2323,2041,2765,10806
765,119,3133,5856,1857,1269
766,154,2319,5775,4749,7071
767,177,1489,5963,3333,7950
768,248,4009,1813,1070,9666
769,222,3335,9449,3095,820
770,293,605,5439,1386,5263
771,218,2054,8137,4841,13462
772,135,3917,4293,2513,4303
773,299,667,2665,3308,6952
774,119,1042,5924,1377,4881
775,122,4832,9997,4833,3578
776,146,3033,7759,2523,12274
777,72,4631,6109,2001,1887
778,131,1080,1720,4930,13663
779,242,2464,6535,1618,9955
780,282,968,2224,2413,10005
781,77,2618,9830,209,9756
782,192,283,1292,3110,2666
783,46,1264,4919,283,712
784,142,4128,5524,4847,10109
785,41,1844,6488,104,14277
786,277,3943,4345,3690,7406
787,240,428,3793,3329,5308
788,277,274,1237,235,12970
789,219,1938,7673,1259,5746
790,123,798,4051,509,14363
791,216,4930,8277,4232,7019
792,106,1827,1722,3667,2277
793,271,751,8618,2989,8843
794,297,3772,5627,806,13022
795,182,4706,1825,4133,9851
796,238,397,2331,1569,12627
797,98,1968,6916,3232,4258
798,240,1874,7780,4060,5824
799,205,2875,4345,4210,11884
800,160,114,9991,4920,6882
801,29,1018,868,232,2742
802,31,970,9380,4272,13822
803,137,4309,4122,2100,10957
804,225,873,3931,4151,4713
805,272,847,1279,2850,3392
806,199,1943,3806,2902,13495
807,99,3768,521,1500,9534
808,244,3691,5712,191,13806
809,122,445,7674,4662,4826
810,81,4385,8781,2279,9148
811,252,4499,9696,4534,5994
812,171,4802,6773,2462,9808
813,133,4429,4494,1678,8914
814,251,512,2068,3347,14493
815,159,1786,8403,3951,7502
816,172,1406,1514,2132,11360
817,50,1814,6509,4458,11561
818,160,717,3870,1394,8790
819,66,4120,7482,421,6099
820,86,4207,9824,1702,4120
821,138,647,891,1075,3150
822,223,3359,6001,3738,7395
823,155,1581,5981,4976,6195
824,142,303,4048,3185,6663
825,35,1281,2923,3575,8571
826,185,1623,3408,4712,7255
827,109,4048,4383,3515,3903
828,98,4730,4509,2735,4991
829,115,3224,9093,974,723
830,25,285,4711,3234,725
831,249,4327,1841,4036,8901
832,163,3978,3303,1109,7058
833,203,893,9295,581,14830
834,152,2888,3885,3770,2768
835,65,1863,3335,2738,10049
836,58,1366,7333,161,2409
837,123,3920,2463,2289,1466
838,132,3111,6961,3629,7467
839,154,3239,8601,1441,7780
840,63,4273,9518,4607,4485
841,64,3229,5038,3901,2862
842,196,1776,6291,266,7513
843,209,736,856,3815,9563
844,223,4697,4918,2641,10920
845,102,2400,4857,4879,5819
846,259,2789,5284,2443,10464
847,157,4984,1377,2870,11892
848,68,3797,792,1651,13323
849,44,2736,733,2652,14929
850,244,1016,1389,3863,6654
851,31,84,5042,3523,2263
852,239,2538,2058,4690,6621
853,248,4056,4939,1103,8020
854,178,3006,8210,1382,11266
855,94,1619,528,705,9712
856,35,1496,8256,3664,11679
857,143,3652,5562,3685,8571
858,96,3418,4081,2762,12729
859,80,4138,1114,4050,825
860,176,408,4277,2371,2221
861,132,3946,4760,1596,10319
862,172,3858,5746,192,11366
863,281,2627,591,4234,9172
864,71,2563,8668,798,13262
865,112,3029,7640,4916,7300
866,105,1582,7820,513,6122
867,279,1749,9721,4595,6280
868,224,4136,1165,2208,1579
869,247,198,1569,4727,1863
870,239,569,5963,3544,11014
871,85,1152,1097,3273,12741
872,169,2655,6756,2188,14712
873,237,638,7054,4472,10099
874,171,4896,9686,4798,7105
875,31,4622,3486,400,3355
876,196,3462,556,1875,5043
877,222,3818,6252,4833,12989
878,235,2652,3434,22,10894
879,205,2346,9440,804,8825
880,41,3721,7792,4039,2598
881,235,2967,8944,4834,9821
882,212,351,7191,1977,3263
883,286,3291,3557,550,6074
884,158,1637,6420,3217,12188
885,203,762,5906,4072,12541
886,207,2483,3801,270,10486
887,217,3444,1579,2878,5822
888,290,4773,9295,1585,11749
889,90,4035,9291,513,6491
890,103,1116,8333,2886,14745
891,113,4955,9780,4385,5364
892,232,4616,2696,4183,1289
893,101,1714,1809,864,12555
894,289,3413,8715,3003,14674
895,227,3838,3211,4801,14147
896,257,3618,1446,1186,2334
897,48,4994,1808,2986,886
898,157,3308,6621,4811,7074
899,61,3983,1939,3442,4980
900,75,3374,7277,105,3701
901,177,4521,9434,966,807
902,110,3514,609,3632,14452
903,92,4485,6184,1915,12955
904,64,154,2547,145,11455
905,186,695,6882,3078,3011
906,291,420,986,2037,3696
907,211,4875,2761,2621,9648
908,180,3699,738,1105,1886
909,221,1577,2167,4132,3191
910,96,3722,2496,1425,11504
911,213,3297,3092,1490,1724
912,47,3114,8304,832,13384
913,207,1696,940,1529,11657
914,60,3336,5690,4663,7562
915,255,1354,3534,3688,12665
916,181,3312,2607,1840,4820
917,207,4727,8472,4264,3633
918,33,2261,6039,2804,14658
919,27,1739,8227,4541,11971
920,223,3073,1318,4521,1624
921,48,4995,6141,1129,2202
922,276,3928,7732,1806,11639
923,207,3259,7023,4205,8611
924,52,2451,9981,3765,10567
925,84,4478,9474,539,11474
926,42,2718,3456,3722,12559
927,118,2220,3891,1616,14306
928,29,966,6958,2756,7353
929,49,1986,3591,4655,1468
930,149,3414,3703,889,9484
931,284,1031,7882,3531,12221
932,62,3399,8505,1777,3701
933,213,1617,9821,2959,12479
934,20,1830,1083,4527,3877
935,34,3451,3685,2194,14818
936,185,1212,7272,298,3847
937,296,4995,3389,1377,5773
938,220,927,5734,3742,10269
939,266,3189,8112,2492,11447
940,109,1953,4740,2322,11248
941,198,1911,7120,1866,4547
942,172,3225,1598,1734,5163
943,297,3466,6802,680,8663
944,42,4874,8501,1729,2691
945,92,717,8086,680,9664
946,104,2513,7337,2529,11195
947,131,4083,3667,2997,7021
948,175,2202,2524,329,2986
949,151,1940,4977,2185,7586
950,289,3671,4991,2511,8342
951,272,1343,2965,3102,10541
952,123,4331,9925,1437,12044
953,272,68,3259,222,502
954,255,4999,4823,4594,3068
955,209,1935,7560,1299,2838
956,72,3808,5310,947,7291
957,23,3788,3231,4007,1369
958,66,143,3487,4655,10467
959,232,485,5447,4300,7024
960,92,3637,576,815,9459
961,121,155,7194,2873,3846
962,107,3198,744,2625,4349
963,224,3858,8833,892,5987
964,103,2449,5140,2960,10891
965,177,1519,3874,4719,9347
966,228,92,8423,1660,5887
967,103,2274,2610,957,7646
968,68,1380,7913,1312,2321
969,34,4995,5874,2651,14321
970,298,1791,5201,3808,3377
971,218,4133,1245,557,14899
972,249,991,4523,2296,14057
973,94,1775,9676,1587,12713
974,107,1386,9353,32,14604
975,65,3464,1656,3126,8752
976,27,321,5795,4076,12080
977,290,2802,3209,1154,5721
978,289,1795,9029,9,4644
979,130,780,5390,1648,4728
980,90,2180,4866,1506,2658
981,95,3279,6765,4136,13978
982,149,2376,3310,2516,12163
983,28,62,6438,3621,4183
984,212,3523,5810,3122,12156
985,160,670,4290,1645,10935
986,171,3541,6374,3711,4188
987,29,1429,4743,2045,11740
988,159,451,3153,4324,14386
989,44,317,6412,4221,6949
990,209,1162,8022,2675,14163
991,196,1330,1732,4376,13230
992,124,196,7946,4616,5225
993,113,338,1909,13,756
994,205,1473,5453,2990,1695
995,289,1294,7266,3470,12859
996,93,2452,996,3399,13775
997,42,959,872,4457,6736
998,82,4881,3284,2393,12612
999,122,1265,2195,1907,5314
1000,288,1069,1903,1426,9355
